run_id,architecture,condition,seed,severity,image_id,relative_path,patient_id,label,logit,probability,predicted_label_0_5,entropy
EXP_A__controlled__clean__swin_tiny__seed_2026__contrast_sev2,swin_tiny,clean,2026,2,test__NORMAL__IM-0015-0001.jpeg,test/NORMAL/IM-0015-0001.jpeg,IM-0015,0,-0.03860892355442047,0.4903489947319031,0,0.6929609179496765
EXP_A__controlled__clean__swin_tiny__seed_2026__contrast_sev2,swin_tiny,clean,2026,2,test__NORMAL__IM-0025-0001.jpeg,test/NORMAL/IM-0025-0001.jpeg,IM-0025,0,-8.584238052368164,0.000186995675903745,0,0.0017922127153724432
EXP_A__controlled__clean__swin_tiny__seed_2026__contrast_sev2,swin_tiny,clean,2026,2,test__NORMAL__NORMAL2-IM-0058-0001.jpeg,test/NORMAL/NORMAL2-IM-0058-0001.jpeg,IM-0058,0,-3.1087214946746826,0.04274893179535866,0,0.17658409476280212
EXP_A__controlled__clean__swin_tiny__seed_2026__contrast_sev2,swin_tiny,clean,2026,2,test__NORMAL__IM-0081-0001.jpeg,test/NORMAL/IM-0081-0001.jpeg,IM-0081,0,2.97786545753479,0.9515640735626221,1,0.19388391077518463
EXP_A__controlled__clean__swin_tiny__seed_2026__contrast_sev2,swin_tiny,clean,2026,2,test__NORMAL__IM-0083-0001.jpeg,test/NORMAL/IM-0083-0001.jpeg,IM-0083,0,1.8433949947357178,0.8633497357368469,1,0.39883583784103394
EXP_A__controlled__clean__swin_tiny__seed_2026__contrast_sev2,swin_tiny,clean,2026,2,test__NORMAL__IM-0091-0001.jpeg,test/NORMAL/IM-0091-0001.jpeg,IM-0091,0,1.0893843173980713,0.7482657432556152,1,0.5642324090003967
EXP_A__controlled__clean__swin_tiny__seed_2026__contrast_sev2,swin_tiny,clean,2026,2,test__NORMAL__NORMAL2-IM-0092-0001.jpeg,test/NORMAL/NORMAL2-IM-0092-0001.jpeg,IM-0092,0,-1.9527287483215332,0.12425613403320312,0,0.3753201365470886
EXP_A__controlled__clean__swin_tiny__seed_2026__contrast_sev2,swin_tiny,clean,2026,2,test__NORMAL__IM-0095-0001.jpeg,test/NORMAL/IM-0095-0001.jpeg,IM-0095,0,2.5769264698028564,0.9293617606163025,1,0.2552867531776428
EXP_A__controlled__clean__swin_tiny__seed_2026__contrast_sev2,swin_tiny,clean,2026,2,test__NORMAL__NORMAL2-IM-0129-0001.jpeg,test/NORMAL/NORMAL2-IM-0129-0001.jpeg,IM-0129,0,-5.564228057861328,0.0038179056718945503,0,0.025068920105695724
EXP_A__controlled__clean__swin_tiny__seed_2026__contrast_sev2,swin_tiny,clean,2026,2,test__NORMAL__NORMAL2-IM-0132-0001.jpeg,test/NORMAL/NORMAL2-IM-0132-0001.jpeg,IM-0132,0,-4.124362945556641,0.0159163661301136,0,0.0816892459988594
EXP_A__controlled__clean__swin_tiny__seed_2026__contrast_sev2,swin_tiny,clean,2026,2,test__NORMAL__NORMAL2-IM-0146-0001.jpeg,test/NORMAL/NORMAL2-IM-0146-0001.jpeg,IM-0146,0,-6.129705429077148,0.0021724922116845846,0,0.015491570346057415
EXP_A__controlled__clean__swin_tiny__seed_2026__contrast_sev2,swin_tiny,clean,2026,2,train__NORMAL__IM-0183-0001.jpeg,train/NORMAL/IM-0183-0001.jpeg,IM-0183,0,-6.384408950805664,0.0016848222585394979,0,0.012442858889698982
EXP_A__controlled__clean__swin_tiny__seed_2026__contrast_sev2,swin_tiny,clean,2026,2,test__NORMAL__NORMAL2-IM-0196-0001.jpeg,test/NORMAL/NORMAL2-IM-0196-0001.jpeg,IM-0196,0,2.9020371437072754,0.9479470252990723,1,0.20451630651950836
EXP_A__controlled__clean__swin_tiny__seed_2026__contrast_sev2,swin_tiny,clean,2026,2,test__NORMAL__NORMAL2-IM-0199-0001.jpeg,test/NORMAL/NORMAL2-IM-0199-0001.jpeg,IM-0199,0,2.6169841289520264,0.9319466948509216,1,0.24857409298419952
EXP_A__controlled__clean__swin_tiny__seed_2026__contrast_sev2,swin_tiny,clean,2026,2,test__NORMAL__NORMAL2-IM-0210-0001.jpeg,test/NORMAL/NORMAL2-IM-0210-0001.jpeg,IM-0210,0,2.389587879180908,0.9160299301147461,1,0.2883601784706116
EXP_A__controlled__clean__swin_tiny__seed_2026__contrast_sev2,swin_tiny,clean,2026,2,train__NORMAL__IM-0215-0001.jpeg,train/NORMAL/IM-0215-0001.jpeg,IM-0215,0,-0.8642365336418152,0.2964549660682678,0,0.6078306436538696
EXP_A__controlled__clean__swin_tiny__seed_2026__contrast_sev2,swin_tiny,clean,2026,2,train__NORMAL__IM-0223-0001.jpeg,train/NORMAL/IM-0223-0001.jpeg,IM-0223,0,-7.701855659484863,0.00045178347500041127,0,0.003931476268917322
EXP_A__controlled__clean__swin_tiny__seed_2026__contrast_sev2,swin_tiny,clean,2026,2,train__NORMAL__IM-0253-0001.jpeg,train/NORMAL/IM-0253-0001.jpeg,IM-0253,0,-3.6322388648986816,0.025774959474802017,0,0.11973375827074051
EXP_A__controlled__clean__swin_tiny__seed_2026__contrast_sev2,swin_tiny,clean,2026,2,test__NORMAL__NORMAL2-IM-0256-0001.jpeg,test/NORMAL/NORMAL2-IM-0256-0001.jpeg,IM-0256,0,4.619881629943848,0.9902421832084656,1,0.05488568916916847
EXP_A__controlled__clean__swin_tiny__seed_2026__contrast_sev2,swin_tiny,clean,2026,2,test__NORMAL__NORMAL2-IM-0281-0001.jpeg,test/NORMAL/NORMAL2-IM-0281-0001.jpeg,IM-0281,0,-1.509897232055664,0.18095402419567108,0,0.47283703088760376
EXP_A__controlled__clean__swin_tiny__seed_2026__contrast_sev2,swin_tiny,clean,2026,2,test__NORMAL__NORMAL2-IM-0285-0001.jpeg,test/NORMAL/NORMAL2-IM-0285-0001.jpeg,IM-0285,0,1.721367359161377,0.8483048677444458,1,0.42563825845718384
EXP_A__controlled__clean__swin_tiny__seed_2026__contrast_sev2,swin_tiny,clean,2026,2,test__NORMAL__NORMAL2-IM-0292-0001.jpeg,test/NORMAL/NORMAL2-IM-0292-0001.jpeg,IM-0292,0,-6.093327522277832,0.002252796432003379,0,0.015982385724782944
EXP_A__controlled__clean__swin_tiny__seed_2026__contrast_sev2,swin_tiny,clean,2026,2,test__NORMAL__NORMAL2-IM-0303-0001.jpeg,test/NORMAL/NORMAL2-IM-0303-0001.jpeg,IM-0303,0,1.0767343044281006,0.7458754777908325,1,0.5668212175369263
EXP_A__controlled__clean__swin_tiny__seed_2026__contrast_sev2,swin_tiny,clean,2026,2,train__NORMAL__IM-0318-0001.jpeg,train/NORMAL/IM-0318-0001.jpeg,IM-0318,0,-4.8932061195373535,0.007441554684191942,0,0.04388246685266495
EXP_A__controlled__clean__swin_tiny__seed_2026__contrast_sev2,swin_tiny,clean,2026,2,test__NORMAL__NORMAL2-IM-0323-0001.jpeg,test/NORMAL/NORMAL2-IM-0323-0001.jpeg,IM-0323,0,-6.35084342956543,0.0017422338714823127,0,0.012808416970074177
EXP_A__controlled__clean__swin_tiny__seed_2026__contrast_sev2,swin_tiny,clean,2026,2,test__NORMAL__NORMAL2-IM-0327-0001.jpeg,test/NORMAL/NORMAL2-IM-0327-0001.jpeg,IM-0327,0,0.8803489804267883,0.7068945169448853,1,0.6049089431762695
EXP_A__controlled__clean__swin_tiny__seed_2026__contrast_sev2,swin_tiny,clean,2026,2,test__NORMAL__NORMAL2-IM-0351-0001.jpeg,test/NORMAL/NORMAL2-IM-0351-0001.jpeg,IM-0351,0,1.3351521492004395,0.7916916012763977,1,0.5117067694664001
EXP_A__controlled__clean__swin_tiny__seed_2026__contrast_sev2,swin_tiny,clean,2026,2,train__NORMAL__IM-0355-0001.jpeg,train/NORMAL/IM-0355-0001.jpeg,IM-0355,0,-7.881579399108887,0.0003774935903493315,0,0.0033527931664139032
EXP_A__controlled__clean__swin_tiny__seed_2026__contrast_sev2,swin_tiny,clean,2026,2,test__NORMAL__NORMAL2-IM-0366-0001.jpeg,test/NORMAL/NORMAL2-IM-0366-0001.jpeg,IM-0366,0,0.44933250546455383,0.610480546951294,1,0.66853266954422
EXP_A__controlled__clean__swin_tiny__seed_2026__contrast_sev2,swin_tiny,clean,2026,2,train__NORMAL__NORMAL2-IM-0396-0001.jpeg,train/NORMAL/NORMAL2-IM-0396-0001.jpeg,IM-0396,0,1.8875982761383057,0.8684813976287842,1,0.3892633318901062
EXP_A__controlled__clean__swin_tiny__seed_2026__contrast_sev2,swin_tiny,clean,2026,2,train__NORMAL__IM-0399-0001.jpeg,train/NORMAL/IM-0399-0001.jpeg,IM-0399,0,-9.346593856811523,8.725452789803967e-05,0,0.0009027976775541902
EXP_A__controlled__clean__swin_tiny__seed_2026__contrast_sev2,swin_tiny,clean,2026,2,train__NORMAL__NORMAL2-IM-0406-0001.jpeg,train/NORMAL/NORMAL2-IM-0406-0001.jpeg,IM-0406,0,-2.078641176223755,0.11119017750024796,0,0.34899652004241943
EXP_A__controlled__clean__swin_tiny__seed_2026__contrast_sev2,swin_tiny,clean,2026,2,train__NORMAL__IM-0431-0001.jpeg,train/NORMAL/IM-0431-0001.jpeg,IM-0431,0,-2.645418167114258,0.06627196818590164,0,0.24388714134693146
EXP_A__controlled__clean__swin_tiny__seed_2026__contrast_sev2,swin_tiny,clean,2026,2,train__NORMAL__IM-0434-0001.jpeg,train/NORMAL/IM-0434-0001.jpeg,IM-0434,0,-9.56708812713623,6.999000470386818e-05,0,0.0007395787979476154
EXP_A__controlled__clean__swin_tiny__seed_2026__contrast_sev2,swin_tiny,clean,2026,2,train__NORMAL__IM-0453-0001-0002.jpeg,train/NORMAL/IM-0453-0001-0002.jpeg,IM-0453,0,-10.388490676879883,3.078381632803939e-05,0,0.0003505538625176996
EXP_A__controlled__clean__swin_tiny__seed_2026__contrast_sev2,swin_tiny,clean,2026,2,train__NORMAL__IM-0457-0001.jpeg,train/NORMAL/IM-0457-0001.jpeg,IM-0457,0,-8.903558731079102,0.00013588594447355717,0,0.0013457763707265258
EXP_A__controlled__clean__swin_tiny__seed_2026__contrast_sev2,swin_tiny,clean,2026,2,train__NORMAL__IM-0463-0001.jpeg,train/NORMAL/IM-0463-0001.jpeg,IM-0463,0,-6.738323211669922,0.001183230197057128,0,0.009156899526715279
EXP_A__controlled__clean__swin_tiny__seed_2026__contrast_sev2,swin_tiny,clean,2026,2,train__NORMAL__IM-0472-0001.jpeg,train/NORMAL/IM-0472-0001.jpeg,IM-0472,0,-3.7580883502960205,0.022796491160988808,0,0.10873159766197205
EXP_A__controlled__clean__swin_tiny__seed_2026__contrast_sev2,swin_tiny,clean,2026,2,train__NORMAL__IM-0473-0001.jpeg,train/NORMAL/IM-0473-0001.jpeg,IM-0473,0,-1.1086938381195068,0.24811449646949768,0,0.5602541565895081
EXP_A__controlled__clean__swin_tiny__seed_2026__contrast_sev2,swin_tiny,clean,2026,2,train__NORMAL__IM-0481-0001.jpeg,train/NORMAL/IM-0481-0001.jpeg,IM-0481,0,-1.6688919067382812,0.1585719734430313,0,0.43729427456855774
EXP_A__controlled__clean__swin_tiny__seed_2026__contrast_sev2,swin_tiny,clean,2026,2,train__NORMAL__IM-0487-0001.jpeg,train/NORMAL/IM-0487-0001.jpeg,IM-0487,0,-9.76757526397705,5.7275792642030865e-05,0,0.0006167273386381567
EXP_A__controlled__clean__swin_tiny__seed_2026__contrast_sev2,swin_tiny,clean,2026,2,train__NORMAL__IM-0508-0001.jpeg,train/NORMAL/IM-0508-0001.jpeg,IM-0508,0,-9.048479080200195,0.0001175558936665766,0,0.0011812492739409208
EXP_A__controlled__clean__swin_tiny__seed_2026__contrast_sev2,swin_tiny,clean,2026,2,train__NORMAL__IM-0523-0001-0001.jpeg,train/NORMAL/IM-0523-0001-0001.jpeg,IM-0523,0,-7.684435844421387,0.000459718779893592,0,0.003992515616118908
EXP_A__controlled__clean__swin_tiny__seed_2026__contrast_sev2,swin_tiny,clean,2026,2,train__NORMAL__IM-0540-0001.jpeg,train/NORMAL/IM-0540-0001.jpeg,IM-0540,0,-10.407691955566406,3.0198387321433984e-05,0,0.0003445155161898583
EXP_A__controlled__clean__swin_tiny__seed_2026__contrast_sev2,swin_tiny,clean,2026,2,train__NORMAL__IM-0548-0001.jpeg,train/NORMAL/IM-0548-0001.jpeg,IM-0548,0,2.133911609649658,0.894155740737915,1,0.3377375602722168
EXP_A__controlled__clean__swin_tiny__seed_2026__contrast_sev2,swin_tiny,clean,2026,2,train__NORMAL__IM-0555-0001-0001.jpeg,train/NORMAL/IM-0555-0001-0001.jpeg,IM-0555,0,-9.382171630859375,8.420504309469834e-05,0,0.0008742510690353811
EXP_A__controlled__clean__swin_tiny__seed_2026__contrast_sev2,swin_tiny,clean,2026,2,train__NORMAL__IM-0578-0001.jpeg,train/NORMAL/IM-0578-0001.jpeg,IM-0578,0,-9.50059700012207,7.4801551818382e-05,0,0.0007854660507291555
EXP_A__controlled__clean__swin_tiny__seed_2026__contrast_sev2,swin_tiny,clean,2026,2,train__NORMAL__NORMAL2-IM-0585-0001.jpeg,train/NORMAL/NORMAL2-IM-0585-0001.jpeg,IM-0585,0,-4.199725151062012,0.014778031967580318,0,0.07695197314023972
EXP_A__controlled__clean__swin_tiny__seed_2026__contrast_sev2,swin_tiny,clean,2026,2,train__NORMAL__IM-0593-0001.jpeg,train/NORMAL/IM-0593-0001.jpeg,IM-0593,0,-3.844719648361206,0.020944349467754364,0,0.10169195383787155
EXP_A__controlled__clean__swin_tiny__seed_2026__contrast_sev2,swin_tiny,clean,2026,2,train__NORMAL__IM-0598-0001.jpeg,train/NORMAL/IM-0598-0001.jpeg,IM-0598,0,-2.291660785675049,0.09181597083806992,0,0.30671927332878113
EXP_A__controlled__clean__swin_tiny__seed_2026__contrast_sev2,swin_tiny,clean,2026,2,train__NORMAL__IM-0613-0001.jpeg,train/NORMAL/IM-0613-0001.jpeg,IM-0613,0,-11.203963279724121,1.3619923265650868e-05,0,0.00016624668205622584
EXP_A__controlled__clean__swin_tiny__seed_2026__contrast_sev2,swin_tiny,clean,2026,2,train__NORMAL__IM-0634-0001.jpeg,train/NORMAL/IM-0634-0001.jpeg,IM-0634,0,-3.765233039855957,0.02263787016272545,0,0.10813487321138382
EXP_A__controlled__clean__swin_tiny__seed_2026__contrast_sev2,swin_tiny,clean,2026,2,train__NORMAL__IM-0637-0001.jpeg,train/NORMAL/IM-0637-0001.jpeg,IM-0637,0,-8.007515907287598,0.0003328399616293609,0,0.0029981089755892754
EXP_A__controlled__clean__swin_tiny__seed_2026__contrast_sev2,swin_tiny,clean,2026,2,train__NORMAL__IM-0654-0001.jpeg,train/NORMAL/IM-0654-0001.jpeg,IM-0654,0,-6.426941871643066,0.0016147777205333114,0,0.01199413649737835
EXP_A__controlled__clean__swin_tiny__seed_2026__contrast_sev2,swin_tiny,clean,2026,2,train__NORMAL__IM-0659-0001.jpeg,train/NORMAL/IM-0659-0001.jpeg,IM-0659,0,-4.893574237823486,0.007438836619257927,0,0.04386914521455765
EXP_A__controlled__clean__swin_tiny__seed_2026__contrast_sev2,swin_tiny,clean,2026,2,train__NORMAL__IM-0663-0001.jpeg,train/NORMAL/IM-0663-0001.jpeg,IM-0663,0,4.706440448760986,0.9910440444946289,1,0.0511469691991806
EXP_A__controlled__clean__swin_tiny__seed_2026__contrast_sev2,swin_tiny,clean,2026,2,train__NORMAL__IM-0683-0001.jpeg,train/NORMAL/IM-0683-0001.jpeg,IM-0683,0,-5.233105182647705,0.005308595951646566,0,0.03310314938426018
EXP_A__controlled__clean__swin_tiny__seed_2026__contrast_sev2,swin_tiny,clean,2026,2,train__NORMAL__IM-0692-0001.jpeg,train/NORMAL/IM-0692-0001.jpeg,IM-0692,0,-9.55769157409668,7.065072713885456e-05,0,0.0007458918262273073
EXP_A__controlled__clean__swin_tiny__seed_2026__contrast_sev2,swin_tiny,clean,2026,2,train__NORMAL__IM-0701-0001.jpeg,train/NORMAL/IM-0701-0001.jpeg,IM-0701,0,-4.576145648956299,0.010189601220190525,0,0.0568709634244442
EXP_A__controlled__clean__swin_tiny__seed_2026__contrast_sev2,swin_tiny,clean,2026,2,train__NORMAL__IM-0715-0001.jpeg,train/NORMAL/IM-0715-0001.jpeg,IM-0715,0,-5.516110420227051,0.004005352035164833,0,0.02610738016664982
EXP_A__controlled__clean__swin_tiny__seed_2026__contrast_sev2,swin_tiny,clean,2026,2,train__NORMAL__IM-0732-0001.jpeg,train/NORMAL/IM-0732-0001.jpeg,IM-0732,0,-0.14051803946495056,0.46492817997932434,0,0.6906850934028625
EXP_A__controlled__clean__swin_tiny__seed_2026__contrast_sev2,swin_tiny,clean,2026,2,train__NORMAL__IM-0738-0001.jpeg,train/NORMAL/IM-0738-0001.jpeg,IM-0738,0,-11.259191513061523,1.288812291022623e-05,0,0.00015798452659510076
EXP_A__controlled__clean__swin_tiny__seed_2026__contrast_sev2,swin_tiny,clean,2026,2,train__NORMAL__IM-0750-0001.jpeg,train/NORMAL/IM-0750-0001.jpeg,IM-0750,0,-0.06150346249341965,0.4846290051937103,0,0.6926745772361755
EXP_A__controlled__clean__swin_tiny__seed_2026__contrast_sev2,swin_tiny,clean,2026,2,train__NORMAL__IM-0752-0001.jpeg,train/NORMAL/IM-0752-0001.jpeg,IM-0752,0,-7.657639026641846,0.0004721983859781176,0,0.0040882243774831295
EXP_A__controlled__clean__swin_tiny__seed_2026__contrast_sev2,swin_tiny,clean,2026,2,train__NORMAL__NORMAL2-IM-0765-0001.jpeg,train/NORMAL/NORMAL2-IM-0765-0001.jpeg,IM-0765,0,7.215002059936523,0.9992650151252747,1,0.006038116291165352
EXP_A__controlled__clean__swin_tiny__seed_2026__contrast_sev2,swin_tiny,clean,2026,2,train__NORMAL__NORMAL2-IM-0780-0001.jpeg,train/NORMAL/NORMAL2-IM-0780-0001.jpeg,IM-0780,0,-5.624840259552002,0.0035941749811172485,0,0.02381729520857334
EXP_A__controlled__clean__swin_tiny__seed_2026__contrast_sev2,swin_tiny,clean,2026,2,train__NORMAL__NORMAL2-IM-0804-0001.jpeg,train/NORMAL/NORMAL2-IM-0804-0001.jpeg,IM-0804,0,-2.1188488006591797,0.10727827250957489,0,0.34078681468963623
EXP_A__controlled__clean__swin_tiny__seed_2026__contrast_sev2,swin_tiny,clean,2026,2,train__NORMAL__NORMAL2-IM-0818-0001-0002.jpeg,train/NORMAL/NORMAL2-IM-0818-0001-0002.jpeg,IM-0818,0,-3.9557785987854004,0.018784157931804657,0,0.09326879680156708
EXP_A__controlled__clean__swin_tiny__seed_2026__contrast_sev2,swin_tiny,clean,2026,2,train__NORMAL__NORMAL2-IM-0836-0001.jpeg,train/NORMAL/NORMAL2-IM-0836-0001.jpeg,IM-0836,0,-10.216070175170898,3.6576420825440437e-05,0,0.0004102652019355446
EXP_A__controlled__clean__swin_tiny__seed_2026__contrast_sev2,swin_tiny,clean,2026,2,train__NORMAL__NORMAL2-IM-0840-0001.jpeg,train/NORMAL/NORMAL2-IM-0840-0001.jpeg,IM-0840,0,6.541540622711182,0.9985597729682922,1,0.010862529277801514
EXP_A__controlled__clean__swin_tiny__seed_2026__contrast_sev2,swin_tiny,clean,2026,2,train__NORMAL__NORMAL2-IM-0843-0001.jpeg,train/NORMAL/NORMAL2-IM-0843-0001.jpeg,IM-0843,0,-10.010473251342773,4.49249055236578e-05,0,0.0004946624976582825
EXP_A__controlled__clean__swin_tiny__seed_2026__contrast_sev2,swin_tiny,clean,2026,2,train__NORMAL__NORMAL2-IM-0848-0001.jpeg,train/NORMAL/NORMAL2-IM-0848-0001.jpeg,IM-0848,0,-4.610401630401611,0.009849837981164455,0,0.055310383439064026
EXP_A__controlled__clean__swin_tiny__seed_2026__contrast_sev2,swin_tiny,clean,2026,2,train__NORMAL__NORMAL2-IM-0872-0001.jpeg,train/NORMAL/NORMAL2-IM-0872-0001.jpeg,IM-0872,0,-0.8190072178840637,0.30597442388534546,0,0.6158417463302612
EXP_A__controlled__clean__swin_tiny__seed_2026__contrast_sev2,swin_tiny,clean,2026,2,train__NORMAL__NORMAL2-IM-0897-0001.jpeg,train/NORMAL/NORMAL2-IM-0897-0001.jpeg,IM-0897,0,-5.5831499099731445,0.003746611066162586,0,0.024671556428074837
EXP_A__controlled__clean__swin_tiny__seed_2026__contrast_sev2,swin_tiny,clean,2026,2,train__NORMAL__NORMAL2-IM-0900-0001.jpeg,train/NORMAL/NORMAL2-IM-0900-0001.jpeg,IM-0900,0,-8.384235382080078,0.00022838817676529288,0,0.002143291523680091
EXP_A__controlled__clean__swin_tiny__seed_2026__contrast_sev2,swin_tiny,clean,2026,2,train__NORMAL__NORMAL2-IM-0919-0001.jpeg,train/NORMAL/NORMAL2-IM-0919-0001.jpeg,IM-0919,0,-8.116074562072754,0.00029860969516448677,0,0.0027222023345530033
EXP_A__controlled__clean__swin_tiny__seed_2026__contrast_sev2,swin_tiny,clean,2026,2,train__NORMAL__NORMAL2-IM-0924-0001.jpeg,train/NORMAL/NORMAL2-IM-0924-0001.jpeg,IM-0924,0,-4.5450029373168945,0.010508540086448193,0,0.05832548439502716
EXP_A__controlled__clean__swin_tiny__seed_2026__contrast_sev2,swin_tiny,clean,2026,2,train__NORMAL__NORMAL2-IM-0936-0001.jpeg,train/NORMAL/NORMAL2-IM-0936-0001.jpeg,IM-0936,0,-10.454447746276855,2.8818973078159615e-05,0,0.0003301355172879994
EXP_A__controlled__clean__swin_tiny__seed_2026__contrast_sev2,swin_tiny,clean,2026,2,train__NORMAL__NORMAL2-IM-0946-0001.jpeg,train/NORMAL/NORMAL2-IM-0946-0001.jpeg,IM-0946,0,-7.012206077575684,0.0009000084246508777,0,0.00721147982403636
EXP_A__controlled__clean__swin_tiny__seed_2026__contrast_sev2,swin_tiny,clean,2026,2,train__NORMAL__NORMAL2-IM-0967-0001.jpeg,train/NORMAL/NORMAL2-IM-0967-0001.jpeg,IM-0967,0,-0.8269084692001343,0.30429914593696594,0,0.6144630908966064
EXP_A__controlled__clean__swin_tiny__seed_2026__contrast_sev2,swin_tiny,clean,2026,2,train__NORMAL__NORMAL2-IM-0997-0001.jpeg,train/NORMAL/NORMAL2-IM-0997-0001.jpeg,IM-0997,0,-3.531557083129883,0.028427550569176674,0,0.12923294305801392
EXP_A__controlled__clean__swin_tiny__seed_2026__contrast_sev2,swin_tiny,clean,2026,2,train__NORMAL__NORMAL2-IM-1005-0001.jpeg,train/NORMAL/NORMAL2-IM-1005-0001.jpeg,IM-1005,0,-8.598490715026855,0.00018434989033266902,0,0.001769504975527525
EXP_A__controlled__clean__swin_tiny__seed_2026__contrast_sev2,swin_tiny,clean,2026,2,train__NORMAL__NORMAL2-IM-1006-0001.jpeg,train/NORMAL/NORMAL2-IM-1006-0001.jpeg,IM-1006,0,-6.695950508117676,0.0012343809939920902,0,0.009500469081103802
EXP_A__controlled__clean__swin_tiny__seed_2026__contrast_sev2,swin_tiny,clean,2026,2,train__NORMAL__NORMAL2-IM-1016-0001.jpeg,train/NORMAL/NORMAL2-IM-1016-0001.jpeg,IM-1016,0,-8.561986923217773,0.00019120237266179174,0,0.0018283022800460458
EXP_A__controlled__clean__swin_tiny__seed_2026__contrast_sev2,swin_tiny,clean,2026,2,train__NORMAL__NORMAL2-IM-1039-0001.jpeg,train/NORMAL/NORMAL2-IM-1039-0001.jpeg,IM-1039,0,-5.764766216278076,0.0031263234559446573,0,0.02115374617278576
EXP_A__controlled__clean__swin_tiny__seed_2026__contrast_sev2,swin_tiny,clean,2026,2,train__NORMAL__NORMAL2-IM-1043-0001.jpeg,train/NORMAL/NORMAL2-IM-1043-0001.jpeg,IM-1043,0,-7.688630104064941,0.0004577954823616892,0,0.003977748099714518
EXP_A__controlled__clean__swin_tiny__seed_2026__contrast_sev2,swin_tiny,clean,2026,2,train__NORMAL__NORMAL2-IM-1067-0001-0001.jpeg,train/NORMAL/NORMAL2-IM-1067-0001-0001.jpeg,IM-1067,0,-2.1494977474212646,0.10437815636396408,0,0.334597647190094
EXP_A__controlled__clean__swin_tiny__seed_2026__contrast_sev2,swin_tiny,clean,2026,2,train__NORMAL__NORMAL2-IM-1084-0001.jpeg,train/NORMAL/NORMAL2-IM-1084-0001.jpeg,IM-1084,0,-3.2652640342712402,0.03678225353360176,0,0.15757957100868225
EXP_A__controlled__clean__swin_tiny__seed_2026__contrast_sev2,swin_tiny,clean,2026,2,train__NORMAL__NORMAL2-IM-1086-0001.jpeg,train/NORMAL/NORMAL2-IM-1086-0001.jpeg,IM-1086,0,-1.8216712474822998,0.13923344016075134,0,0.4035695195198059
EXP_A__controlled__clean__swin_tiny__seed_2026__contrast_sev2,swin_tiny,clean,2026,2,train__NORMAL__NORMAL2-IM-1105-0001.jpeg,train/NORMAL/NORMAL2-IM-1105-0001.jpeg,IM-1105,0,-5.924176216125488,0.0026668785139918327,0,0.018469510599970818
EXP_A__controlled__clean__swin_tiny__seed_2026__contrast_sev2,swin_tiny,clean,2026,2,train__NORMAL__NORMAL2-IM-1110-0001.jpeg,train/NORMAL/NORMAL2-IM-1110-0001.jpeg,IM-1110,0,-6.929701805114746,0.0009773364290595055,0,0.007750465534627438
EXP_A__controlled__clean__swin_tiny__seed_2026__contrast_sev2,swin_tiny,clean,2026,2,train__NORMAL__NORMAL2-IM-1125-0001.jpeg,train/NORMAL/NORMAL2-IM-1125-0001.jpeg,IM-1125,0,-2.4703776836395264,0.07796108722686768,0,0.27376115322113037
EXP_A__controlled__clean__swin_tiny__seed_2026__contrast_sev2,swin_tiny,clean,2026,2,train__NORMAL__NORMAL2-IM-1142-0001-0001.jpeg,train/NORMAL/NORMAL2-IM-1142-0001-0001.jpeg,IM-1142,0,-9.960437774658203,4.72298233944457e-05,0,0.0005176377017050982
EXP_A__controlled__clean__swin_tiny__seed_2026__contrast_sev2,swin_tiny,clean,2026,2,train__NORMAL__NORMAL2-IM-1161-0001.jpeg,train/NORMAL/NORMAL2-IM-1161-0001.jpeg,IM-1161,0,-11.148805618286133,1.4392258890438825e-05,0,0.00017482132534496486
EXP_A__controlled__clean__swin_tiny__seed_2026__contrast_sev2,swin_tiny,clean,2026,2,train__NORMAL__NORMAL2-IM-1174-0001.jpeg,train/NORMAL/NORMAL2-IM-1174-0001.jpeg,IM-1174,0,-9.304997444152832,9.096020949073136e-05,0,0.000937345321290195
EXP_A__controlled__clean__swin_tiny__seed_2026__contrast_sev2,swin_tiny,clean,2026,2,train__NORMAL__NORMAL2-IM-1185-0001.jpeg,train/NORMAL/NORMAL2-IM-1185-0001.jpeg,IM-1185,0,-9.568700790405273,6.987723463680595e-05,0,0.000738493399694562
EXP_A__controlled__clean__swin_tiny__seed_2026__contrast_sev2,swin_tiny,clean,2026,2,train__NORMAL__NORMAL2-IM-1194-0001.jpeg,train/NORMAL/NORMAL2-IM-1194-0001.jpeg,IM-1194,0,-7.610190391540527,0.0004951322916895151,0,0.004263309296220541
EXP_A__controlled__clean__swin_tiny__seed_2026__contrast_sev2,swin_tiny,clean,2026,2,train__NORMAL__NORMAL2-IM-1221-0001.jpeg,train/NORMAL/NORMAL2-IM-1221-0001.jpeg,IM-1221,0,-5.095376491546631,0.0060877129435539246,0,0.037125516682863235
EXP_A__controlled__clean__swin_tiny__seed_2026__contrast_sev2,swin_tiny,clean,2026,2,train__NORMAL__NORMAL2-IM-1231-0001.jpeg,train/NORMAL/NORMAL2-IM-1231-0001.jpeg,IM-1231,0,-2.450300455093384,0.07941658794879913,0,0.27734214067459106
EXP_A__controlled__clean__swin_tiny__seed_2026__contrast_sev2,swin_tiny,clean,2026,2,train__NORMAL__NORMAL2-IM-1250-0001.jpeg,train/NORMAL/NORMAL2-IM-1250-0001.jpeg,IM-1250,0,3.629878282546997,0.974165678024292,1,0.11994931101799011
EXP_A__controlled__clean__swin_tiny__seed_2026__contrast_sev2,swin_tiny,clean,2026,2,train__NORMAL__NORMAL2-IM-1260-0001.jpeg,train/NORMAL/NORMAL2-IM-1260-0001.jpeg,IM-1260,0,-8.293371200561523,0.0002501071139704436,0,0.002324363449588418
EXP_A__controlled__clean__swin_tiny__seed_2026__contrast_sev2,swin_tiny,clean,2026,2,train__NORMAL__NORMAL2-IM-1279-0001.jpeg,train/NORMAL/NORMAL2-IM-1279-0001.jpeg,IM-1279,0,-6.039929389953613,0.002376067917793989,0,0.016730189323425293
EXP_A__controlled__clean__swin_tiny__seed_2026__contrast_sev2,swin_tiny,clean,2026,2,train__NORMAL__NORMAL2-IM-1282-0001.jpeg,train/NORMAL/NORMAL2-IM-1282-0001.jpeg,IM-1282,0,-10.898234367370605,1.8490511138224974e-05,0,0.000219991517951712
EXP_A__controlled__clean__swin_tiny__seed_2026__contrast_sev2,swin_tiny,clean,2026,2,train__NORMAL__NORMAL2-IM-1296-0001.jpeg,train/NORMAL/NORMAL2-IM-1296-0001.jpeg,IM-1296,0,-7.235684871673584,0.0007198950625024736,0,0.0059290979988873005
EXP_A__controlled__clean__swin_tiny__seed_2026__contrast_sev2,swin_tiny,clean,2026,2,train__NORMAL__NORMAL2-IM-1306-0001.jpeg,train/NORMAL/NORMAL2-IM-1306-0001.jpeg,IM-1306,0,-6.360937118530273,0.0017247668001800776,0,0.012697401456534863
EXP_A__controlled__clean__swin_tiny__seed_2026__contrast_sev2,swin_tiny,clean,2026,2,train__NORMAL__NORMAL2-IM-1330-0001.jpeg,train/NORMAL/NORMAL2-IM-1330-0001.jpeg,IM-1330,0,0.7812345027923584,0.6859461069107056,1,0.6223059296607971
EXP_A__controlled__clean__swin_tiny__seed_2026__contrast_sev2,swin_tiny,clean,2026,2,train__NORMAL__NORMAL2-IM-1346-0001.jpeg,train/NORMAL/NORMAL2-IM-1346-0001.jpeg,IM-1346,0,-5.786816596984863,0.0030583504121750593,0,0.020761173218488693
EXP_A__controlled__clean__swin_tiny__seed_2026__contrast_sev2,swin_tiny,clean,2026,2,train__NORMAL__NORMAL2-IM-1347-0001.jpeg,train/NORMAL/NORMAL2-IM-1347-0001.jpeg,IM-1347,0,-10.287797927856445,3.404484232305549e-05,0,0.00038428130210377276
EXP_A__controlled__clean__swin_tiny__seed_2026__contrast_sev2,swin_tiny,clean,2026,2,train__NORMAL__NORMAL2-IM-1349-0001.jpeg,train/NORMAL/NORMAL2-IM-1349-0001.jpeg,IM-1349,0,-1.8065698146820068,0.1410531997680664,0,0.4068707227706909
EXP_A__controlled__clean__swin_tiny__seed_2026__contrast_sev2,swin_tiny,clean,2026,2,val__NORMAL__NORMAL2-IM-1436-0001.jpeg,val/NORMAL/NORMAL2-IM-1436-0001.jpeg,IM-1436,0,0.04493166506290436,0.511231005191803,1,0.6928948760032654
EXP_A__controlled__clean__swin_tiny__seed_2026__contrast_sev2,swin_tiny,clean,2026,2,train__PNEUMONIA__person1003_bacteria_2934.jpeg,train/PNEUMONIA/person1003_bacteria_2934.jpeg,person1003,1,13.076244354248047,0.9999978542327881,1,3.0152348699630238e-05
EXP_A__controlled__clean__swin_tiny__seed_2026__contrast_sev2,swin_tiny,clean,2026,2,train__PNEUMONIA__person1004_bacteria_2935.jpeg,train/PNEUMONIA/person1004_bacteria_2935.jpeg,person1004,1,11.349483489990234,0.9999881982803345,1,0.00014571889187209308
EXP_A__controlled__clean__swin_tiny__seed_2026__contrast_sev2,swin_tiny,clean,2026,2,train__PNEUMONIA__person1005_bacteria_2936.jpeg,train/PNEUMONIA/person1005_bacteria_2936.jpeg,person1005,1,10.311294555664062,0.9999667406082153,1,0.0003762021951843053
EXP_A__controlled__clean__swin_tiny__seed_2026__contrast_sev2,swin_tiny,clean,2026,2,train__PNEUMONIA__person1026_bacteria_2957.jpeg,train/PNEUMONIA/person1026_bacteria_2957.jpeg,person1026,1,14.749364852905273,0.9999996423721313,1,5.666174729412887e-06
EXP_A__controlled__clean__swin_tiny__seed_2026__contrast_sev2,swin_tiny,clean,2026,2,train__PNEUMONIA__person1049_bacteria_2983.jpeg,train/PNEUMONIA/person1049_bacteria_2983.jpeg,person1049,1,6.962655544281006,0.9990543723106384,1,0.007530211471021175
EXP_A__controlled__clean__swin_tiny__seed_2026__contrast_sev2,swin_tiny,clean,2026,2,train__PNEUMONIA__person1060_virus_1760.jpeg,train/PNEUMONIA/person1060_virus_1760.jpeg,person1060,1,3.8087127208709717,0.978304386138916,1,0.10456673800945282
EXP_A__controlled__clean__swin_tiny__seed_2026__contrast_sev2,swin_tiny,clean,2026,2,train__PNEUMONIA__person1076_bacteria_3016.jpeg,train/PNEUMONIA/person1076_bacteria_3016.jpeg,person1076,1,10.906532287597656,0.9999816417694092,1,0.00021856250532437116
EXP_A__controlled__clean__swin_tiny__seed_2026__contrast_sev2,swin_tiny,clean,2026,2,train__PNEUMONIA__person1082_bacteria_3022.jpeg,train/PNEUMONIA/person1082_bacteria_3022.jpeg,person1082,1,12.68458366394043,0.9999969005584717,1,4.241364877088927e-05
EXP_A__controlled__clean__swin_tiny__seed_2026__contrast_sev2,swin_tiny,clean,2026,2,test__PNEUMONIA__person109_bacteria_512.jpeg,test/PNEUMONIA/person109_bacteria_512.jpeg,person109,1,13.697591781616211,0.999998927116394,1,1.581984179210849e-05
EXP_A__controlled__clean__swin_tiny__seed_2026__contrast_sev2,swin_tiny,clean,2026,2,train__PNEUMONIA__person1097_bacteria_3038.jpeg,train/PNEUMONIA/person1097_bacteria_3038.jpeg,person1097,1,14.362607955932617,0.9999994039535522,1,9.139149369730148e-06
EXP_A__controlled__clean__swin_tiny__seed_2026__contrast_sev2,swin_tiny,clean,2026,2,test__PNEUMONIA__person11_virus_38.jpeg,test/PNEUMONIA/person11_virus_38.jpeg,person11,1,9.439630508422852,0.9999204874038696,1,0.0008300761692225933
EXP_A__controlled__clean__swin_tiny__seed_2026__contrast_sev2,swin_tiny,clean,2026,2,train__PNEUMONIA__person1122_bacteria_3063.jpeg,train/PNEUMONIA/person1122_bacteria_3063.jpeg,person1122,1,8.141658782958984,0.9997089505195618,1,0.0026607371401041746
EXP_A__controlled__clean__swin_tiny__seed_2026__contrast_sev2,swin_tiny,clean,2026,2,train__PNEUMONIA__person1126_virus_1853.jpeg,train/PNEUMONIA/person1126_virus_1853.jpeg,person1126,1,7.077171802520752,0.9991565942764282,1,0.006812728475779295
EXP_A__controlled__clean__swin_tiny__seed_2026__contrast_sev2,swin_tiny,clean,2026,2,test__PNEUMONIA__person113_bacteria_540.jpeg,test/PNEUMONIA/person113_bacteria_540.jpeg,person113,1,9.629927635192871,0.9999343156814575,1,0.0006982648628763855
EXP_A__controlled__clean__swin_tiny__seed_2026__contrast_sev2,swin_tiny,clean,2026,2,train__PNEUMONIA__person1138_bacteria_3080.jpeg,train/PNEUMONIA/person1138_bacteria_3080.jpeg,person1138,1,12.295543670654297,0.9999954700469971,1,6.027010385878384e-05
EXP_A__controlled__clean__swin_tiny__seed_2026__contrast_sev2,swin_tiny,clean,2026,2,train__PNEUMONIA__person1145_bacteria_3090.jpeg,train/PNEUMONIA/person1145_bacteria_3090.jpeg,person1145,1,10.865254402160645,0.9999809265136719,1,0.00022634891502093524
EXP_A__controlled__clean__swin_tiny__seed_2026__contrast_sev2,swin_tiny,clean,2026,2,train__PNEUMONIA__person1146_bacteria_3091.jpeg,train/PNEUMONIA/person1146_bacteria_3091.jpeg,person1146,1,11.49148941040039,0.9999897480010986,1,0.00012802729906979948
EXP_A__controlled__clean__swin_tiny__seed_2026__contrast_sev2,swin_tiny,clean,2026,2,train__PNEUMONIA__person115_virus_218.jpeg,train/PNEUMONIA/person115_virus_218.jpeg,person115,1,4.958454132080078,0.9930251836776733,1,0.041583530604839325
EXP_A__controlled__clean__swin_tiny__seed_2026__contrast_sev2,swin_tiny,clean,2026,2,train__PNEUMONIA__person1174_virus_1980.jpeg,train/PNEUMONIA/person1174_virus_1980.jpeg,person1174,1,1.9341435432434082,0.8737072944641113,1,0.3792780637741089
EXP_A__controlled__clean__swin_tiny__seed_2026__contrast_sev2,swin_tiny,clean,2026,2,train__PNEUMONIA__person1191_virus_2032.jpeg,train/PNEUMONIA/person1191_virus_2032.jpeg,person1191,1,3.700336456298828,0.9758809208869934,1,0.1136634424328804
EXP_A__controlled__clean__swin_tiny__seed_2026__contrast_sev2,swin_tiny,clean,2026,2,train__PNEUMONIA__person1196_bacteria_3146.jpeg,train/PNEUMONIA/person1196_bacteria_3146.jpeg,person1196,1,8.462016105651855,0.9997887015342712,1,0.001999334432184696
EXP_A__controlled__clean__swin_tiny__seed_2026__contrast_sev2,swin_tiny,clean,2026,2,train__PNEUMONIA__person12_bacteria_46.jpeg,train/PNEUMONIA/person12_bacteria_46.jpeg,person12,1,1.1690447330474854,0.7629722952842712,1,0.5476295351982117
EXP_A__controlled__clean__swin_tiny__seed_2026__contrast_sev2,swin_tiny,clean,2026,2,train__PNEUMONIA__person1213_virus_2058.jpeg,train/PNEUMONIA/person1213_virus_2058.jpeg,person1213,1,6.37693977355957,0.9983025789260864,1,0.01252322643995285
EXP_A__controlled__clean__swin_tiny__seed_2026__contrast_sev2,swin_tiny,clean,2026,2,train__PNEUMONIA__person1229_virus_2080.jpeg,train/PNEUMONIA/person1229_virus_2080.jpeg,person1229,1,7.045212268829346,0.9991292357444763,1,0.007005911320447922
EXP_A__controlled__clean__swin_tiny__seed_2026__contrast_sev2,swin_tiny,clean,2026,2,train__PNEUMONIA__person1232_virus_2089.jpeg,train/PNEUMONIA/person1232_virus_2089.jpeg,person1232,1,5.952116012573242,0.9974064230918884,1,0.018034227192401886
EXP_A__controlled__clean__swin_tiny__seed_2026__contrast_sev2,swin_tiny,clean,2026,2,train__PNEUMONIA__person1236_bacteria_3192.jpeg,train/PNEUMONIA/person1236_bacteria_3192.jpeg,person1236,1,10.020543098449707,0.9999555349349976,1,0.0004900398780591786
EXP_A__controlled__clean__swin_tiny__seed_2026__contrast_sev2,swin_tiny,clean,2026,2,train__PNEUMONIA__person1239_bacteria_3195.jpeg,train/PNEUMONIA/person1239_bacteria_3195.jpeg,person1239,1,11.37948226928711,0.9999885559082031,1,0.00014165534230414778
EXP_A__controlled__clean__swin_tiny__seed_2026__contrast_sev2,swin_tiny,clean,2026,2,train__PNEUMONIA__person1246_bacteria_3202.jpeg,train/PNEUMONIA/person1246_bacteria_3202.jpeg,person1246,1,13.057929992675781,0.9999978542327881,1,3.0152348699630238e-05
EXP_A__controlled__clean__swin_tiny__seed_2026__contrast_sev2,swin_tiny,clean,2026,2,train__PNEUMONIA__person1259_bacteria_3217.jpeg,train/PNEUMONIA/person1259_bacteria_3217.jpeg,person1259,1,9.446216583251953,0.9999209642410278,1,0.000825573573820293
EXP_A__controlled__clean__swin_tiny__seed_2026__contrast_sev2,swin_tiny,clean,2026,2,train__PNEUMONIA__person1273_bacteria_3233.jpeg,train/PNEUMONIA/person1273_bacteria_3233.jpeg,person1273,1,13.786914825439453,0.999998927116394,1,1.581984179210849e-05
EXP_A__controlled__clean__swin_tiny__seed_2026__contrast_sev2,swin_tiny,clean,2026,2,train__PNEUMONIA__person1281_bacteria_3244.jpeg,train/PNEUMONIA/person1281_bacteria_3244.jpeg,person1281,1,9.2899751663208,0.9999076128005981,1,0.0009506159112788737
EXP_A__controlled__clean__swin_tiny__seed_2026__contrast_sev2,swin_tiny,clean,2026,2,train__PNEUMONIA__person1287_bacteria_3250.jpeg,train/PNEUMONIA/person1287_bacteria_3250.jpeg,person1287,1,7.584470748901367,0.9994919300079346,1,0.0043615964241325855
EXP_A__controlled__clean__swin_tiny__seed_2026__contrast_sev2,swin_tiny,clean,2026,2,train__PNEUMONIA__person1292_bacteria_3255.jpeg,train/PNEUMONIA/person1292_bacteria_3255.jpeg,person1292,1,9.87722396850586,0.9999486207962036,1,0.000558813102543354
EXP_A__controlled__clean__swin_tiny__seed_2026__contrast_sev2,swin_tiny,clean,2026,2,train__PNEUMONIA__person1306_bacteria_3272.jpeg,train/PNEUMONIA/person1306_bacteria_3272.jpeg,person1306,1,7.693550109863281,0.9995444416999817,1,0.003960513975471258
EXP_A__controlled__clean__swin_tiny__seed_2026__contrast_sev2,swin_tiny,clean,2026,2,train__PNEUMONIA__person1310_bacteria_3295.jpeg,train/PNEUMONIA/person1310_bacteria_3295.jpeg,person1310,1,12.787359237670898,0.9999972581863403,1,3.785591616178863e-05
EXP_A__controlled__clean__swin_tiny__seed_2026__contrast_sev2,swin_tiny,clean,2026,2,train__PNEUMONIA__person1313_bacteria_3320.jpeg,train/PNEUMONIA/person1313_bacteria_3320.jpeg,person1313,1,6.404143333435059,0.9983479976654053,1,0.012232979759573936
EXP_A__controlled__clean__swin_tiny__seed_2026__contrast_sev2,swin_tiny,clean,2026,2,test__PNEUMONIA__person132_bacteria_632.jpeg,test/PNEUMONIA/person132_bacteria_632.jpeg,person132,1,10.459206581115723,0.9999712705612183,1,0.0003291696775704622
EXP_A__controlled__clean__swin_tiny__seed_2026__contrast_sev2,swin_tiny,clean,2026,2,train__PNEUMONIA__person1344_bacteria_3421.jpeg,train/PNEUMONIA/person1344_bacteria_3421.jpeg,person1344,1,12.24622631072998,0.999995231628418,1,6.319762906059623e-05
EXP_A__controlled__clean__swin_tiny__seed_2026__contrast_sev2,swin_tiny,clean,2026,2,train__PNEUMONIA__person1347_virus_2323.jpeg,train/PNEUMONIA/person1347_virus_2323.jpeg,person1347,1,7.344180107116699,0.9993540644645691,1,0.0053900014609098434
EXP_A__controlled__clean__swin_tiny__seed_2026__contrast_sev2,swin_tiny,clean,2026,2,test__PNEUMONIA__person135_bacteria_646.jpeg,test/PNEUMONIA/person135_bacteria_646.jpeg,person135,1,7.668785572052002,0.9995330572128296,1,0.004047960042953491
EXP_A__controlled__clean__swin_tiny__seed_2026__contrast_sev2,swin_tiny,clean,2026,2,train__PNEUMONIA__person1367_virus_2351.jpeg,train/PNEUMONIA/person1367_virus_2351.jpeg,person1367,1,6.300009727478027,0.9981670379638672,1,0.013382282108068466
EXP_A__controlled__clean__swin_tiny__seed_2026__contrast_sev2,swin_tiny,clean,2026,2,train__PNEUMONIA__person1368_virus_2352.jpeg,train/PNEUMONIA/person1368_virus_2352.jpeg,person1368,1,10.355588912963867,0.9999681711196899,1,0.0003614207962527871
EXP_A__controlled__clean__swin_tiny__seed_2026__contrast_sev2,swin_tiny,clean,2026,2,train__PNEUMONIA__person1388_bacteria_3529.jpeg,train/PNEUMONIA/person1388_bacteria_3529.jpeg,person1388,1,7.839942455291748,0.9996064305305481,1,0.003479176200926304
EXP_A__controlled__clean__swin_tiny__seed_2026__contrast_sev2,swin_tiny,clean,2026,2,train__PNEUMONIA__person1393_virus_2396.jpeg,train/PNEUMONIA/person1393_virus_2396.jpeg,person1393,1,11.177855491638184,0.9999860525131226,1,0.00016988323477562517
EXP_A__controlled__clean__swin_tiny__seed_2026__contrast_sev2,swin_tiny,clean,2026,2,train__PNEUMONIA__person1396_bacteria_3545.jpeg,train/PNEUMONIA/person1396_bacteria_3545.jpeg,person1396,1,6.141548156738281,0.9978530406951904,1,0.015334932133555412
EXP_A__controlled__clean__swin_tiny__seed_2026__contrast_sev2,swin_tiny,clean,2026,2,train__PNEUMONIA__person1404_bacteria_3561.jpeg,train/PNEUMONIA/person1404_bacteria_3561.jpeg,person1404,1,9.178717613220215,0.999896764755249,1,0.001050774590112269
EXP_A__controlled__clean__swin_tiny__seed_2026__contrast_sev2,swin_tiny,clean,2026,2,train__PNEUMONIA__person1405_bacteria_3564.jpeg,train/PNEUMONIA/person1405_bacteria_3564.jpeg,person1405,1,11.581487655639648,0.999990701675415,1,0.00011702565825544298
EXP_A__controlled__clean__swin_tiny__seed_2026__contrast_sev2,swin_tiny,clean,2026,2,test__PNEUMONIA__person142_bacteria_682.jpeg,test/PNEUMONIA/person142_bacteria_682.jpeg,person142,1,10.788768768310547,0.9999793767929077,1,0.00024312871391884983
EXP_A__controlled__clean__swin_tiny__seed_2026__contrast_sev2,swin_tiny,clean,2026,2,train__PNEUMONIA__person1423_bacteria_3650.jpeg,train/PNEUMONIA/person1423_bacteria_3650.jpeg,person1423,1,4.269372463226318,0.9862025380134583,1,0.07280009984970093
EXP_A__controlled__clean__swin_tiny__seed_2026__contrast_sev2,swin_tiny,clean,2026,2,train__PNEUMONIA__person1440_bacteria_3723.jpeg,train/PNEUMONIA/person1440_bacteria_3723.jpeg,person1440,1,6.399310111999512,0.9983400106430054,1,0.0122841103002429
EXP_A__controlled__clean__swin_tiny__seed_2026__contrast_sev2,swin_tiny,clean,2026,2,test__PNEUMONIA__person146_bacteria_700.jpeg,test/PNEUMONIA/person146_bacteria_700.jpeg,person146,1,12.707315444946289,0.9999970197677612,1,4.089924186700955e-05
EXP_A__controlled__clean__swin_tiny__seed_2026__contrast_sev2,swin_tiny,clean,2026,2,train__PNEUMONIA__person1468_bacteria_3822.jpeg,train/PNEUMONIA/person1468_bacteria_3822.jpeg,person1468,1,6.857674598693848,0.9989498257637024,1,0.008252556435763836
EXP_A__controlled__clean__swin_tiny__seed_2026__contrast_sev2,swin_tiny,clean,2026,2,train__PNEUMONIA__person1476_bacteria_3842.jpeg,train/PNEUMONIA/person1476_bacteria_3842.jpeg,person1476,1,9.921091079711914,0.9999508857727051,1,0.0005363930249586701
EXP_A__controlled__clean__swin_tiny__seed_2026__contrast_sev2,swin_tiny,clean,2026,2,train__PNEUMONIA__person1478_bacteria_3848.jpeg,train/PNEUMONIA/person1478_bacteria_3848.jpeg,person1478,1,8.784242630004883,0.9998468160629272,1,0.001498720026575029
EXP_A__controlled__clean__swin_tiny__seed_2026__contrast_sev2,swin_tiny,clean,2026,2,train__PNEUMONIA__person1496_bacteria_3905.jpeg,train/PNEUMONIA/person1496_bacteria_3905.jpeg,person1496,1,8.205119132995605,0.9997268319129944,1,0.0025145907420665026
EXP_A__controlled__clean__swin_tiny__seed_2026__contrast_sev2,swin_tiny,clean,2026,2,train__PNEUMONIA__person1497_bacteria_3912.jpeg,train/PNEUMONIA/person1497_bacteria_3912.jpeg,person1497,1,9.939728736877441,0.9999517202377319,1,0.0005281069315969944
EXP_A__controlled__clean__swin_tiny__seed_2026__contrast_sev2,swin_tiny,clean,2026,2,train__PNEUMONIA__person1509_bacteria_3951.jpeg,train/PNEUMONIA/person1509_bacteria_3951.jpeg,person1509,1,2.1693716049194336,0.897465169429779,1,0.33061712980270386
EXP_A__controlled__clean__swin_tiny__seed_2026__contrast_sev2,swin_tiny,clean,2026,2,train__PNEUMONIA__person1519_bacteria_3970.jpeg,train/PNEUMONIA/person1519_bacteria_3970.jpeg,person1519,1,10.293282508850098,0.9999661445617676,1,0.00038234281237237155
EXP_A__controlled__clean__swin_tiny__seed_2026__contrast_sev2,swin_tiny,clean,2026,2,train__PNEUMONIA__person1538_bacteria_4021.jpeg,train/PNEUMONIA/person1538_bacteria_4021.jpeg,person1538,1,11.336018562316895,0.9999880790710449,1,0.00014707099762745202
EXP_A__controlled__clean__swin_tiny__seed_2026__contrast_sev2,swin_tiny,clean,2026,2,train__PNEUMONIA__person1540_bacteria_4023.jpeg,train/PNEUMONIA/person1540_bacteria_4023.jpeg,person1540,1,6.62656307220459,0.9986770749092102,1,0.010090278461575508
EXP_A__controlled__clean__swin_tiny__seed_2026__contrast_sev2,swin_tiny,clean,2026,2,train__PNEUMONIA__person1541_virus_2681.jpeg,train/PNEUMONIA/person1541_virus_2681.jpeg,person1541,1,8.538219451904297,0.9998041987419128,1,0.001867613522335887
EXP_A__controlled__clean__swin_tiny__seed_2026__contrast_sev2,swin_tiny,clean,2026,2,train__PNEUMONIA__person1555_bacteria_4058.jpeg,train/PNEUMONIA/person1555_bacteria_4058.jpeg,person1555,1,9.233829498291016,0.9999023675918579,1,0.0009991948027163744
EXP_A__controlled__clean__swin_tiny__seed_2026__contrast_sev2,swin_tiny,clean,2026,2,train__PNEUMONIA__person1561_bacteria_4077.jpeg,train/PNEUMONIA/person1561_bacteria_4077.jpeg,person1561,1,8.707009315490723,0.9998345375061035,1,0.0016060919733718038
EXP_A__controlled__clean__swin_tiny__seed_2026__contrast_sev2,swin_tiny,clean,2026,2,train__PNEUMONIA__person1567_bacteria_4100.jpeg,train/PNEUMONIA/person1567_bacteria_4100.jpeg,person1567,1,6.081521987915039,0.9977205395698547,1,0.016144679859280586
EXP_A__controlled__clean__swin_tiny__seed_2026__contrast_sev2,swin_tiny,clean,2026,2,train__PNEUMONIA__person1602_bacteria_4218.jpeg,train/PNEUMONIA/person1602_bacteria_4218.jpeg,person1602,1,7.608577251434326,0.9995040893554688,1,0.00426922831684351
EXP_A__controlled__clean__swin_tiny__seed_2026__contrast_sev2,swin_tiny,clean,2026,2,train__PNEUMONIA__person1603_virus_2781.jpeg,train/PNEUMONIA/person1603_virus_2781.jpeg,person1603,1,1.096733808517456,0.7496476173400879,1,0.5627219676971436
EXP_A__controlled__clean__swin_tiny__seed_2026__contrast_sev2,swin_tiny,clean,2026,2,test__PNEUMONIA__person1622_virus_2810.jpeg,test/PNEUMONIA/person1622_virus_2810.jpeg,person1622,1,9.455390930175781,0.9999216794967651,1,0.0008188143838196993
EXP_A__controlled__clean__swin_tiny__seed_2026__contrast_sev2,swin_tiny,clean,2026,2,test__PNEUMONIA__person1641_virus_2840.jpeg,test/PNEUMONIA/person1641_virus_2840.jpeg,person1641,1,5.939037799835205,0.9973723888397217,1,0.01823658123612404
EXP_A__controlled__clean__swin_tiny__seed_2026__contrast_sev2,swin_tiny,clean,2026,2,test__PNEUMONIA__person1642_virus_2842.jpeg,test/PNEUMONIA/person1642_virus_2842.jpeg,person1642,1,7.690131187438965,0.9995429515838623,1,0.003971975762397051
EXP_A__controlled__clean__swin_tiny__seed_2026__contrast_sev2,swin_tiny,clean,2026,2,test__PNEUMONIA__person1647_virus_2848.jpeg,test/PNEUMONIA/person1647_virus_2848.jpeg,person1647,1,6.067697525024414,0.997688889503479,1,0.016336942091584206
EXP_A__controlled__clean__swin_tiny__seed_2026__contrast_sev2,swin_tiny,clean,2026,2,train__PNEUMONIA__person1652_bacteria_4383.jpeg,train/PNEUMONIA/person1652_bacteria_4383.jpeg,person1652,1,6.444546222686768,0.9984133243560791,1,0.011813309043645859
EXP_A__controlled__clean__swin_tiny__seed_2026__contrast_sev2,swin_tiny,clean,2026,2,test__PNEUMONIA__person1668_virus_2882.jpeg,test/PNEUMONIA/person1668_virus_2882.jpeg,person1668,1,7.352184772491455,0.9993591904640198,1,0.005352334585040808
EXP_A__controlled__clean__swin_tiny__seed_2026__contrast_sev2,swin_tiny,clean,2026,2,train__PNEUMONIA__person1686_bacteria_4466.jpeg,train/PNEUMONIA/person1686_bacteria_4466.jpeg,person1686,1,7.586982250213623,0.9994932413101196,1,0.004351649433374405
EXP_A__controlled__clean__swin_tiny__seed_2026__contrast_sev2,swin_tiny,clean,2026,2,test__PNEUMONIA__person171_bacteria_826.jpeg,test/PNEUMONIA/person171_bacteria_826.jpeg,person171,1,8.624588012695312,0.9998204112052917,1,0.0017284973291680217
EXP_A__controlled__clean__swin_tiny__seed_2026__contrast_sev2,swin_tiny,clean,2026,2,test__PNEUMONIA__person172_bacteria_827.jpeg,test/PNEUMONIA/person172_bacteria_827.jpeg,person172,1,10.4371976852417,0.9999706745147705,1,0.0003353967040311545
EXP_A__controlled__clean__swin_tiny__seed_2026__contrast_sev2,swin_tiny,clean,2026,2,test__PNEUMONIA__person174_bacteria_832.jpeg,test/PNEUMONIA/person174_bacteria_832.jpeg,person174,1,10.074237823486328,0.999957799911499,1,0.0004672844079323113
EXP_A__controlled__clean__swin_tiny__seed_2026__contrast_sev2,swin_tiny,clean,2026,2,train__PNEUMONIA__person1749_bacteria_4590.jpeg,train/PNEUMONIA/person1749_bacteria_4590.jpeg,person1749,1,8.906076431274414,0.9998644590377808,1,0.0013426915975287557
EXP_A__controlled__clean__swin_tiny__seed_2026__contrast_sev2,swin_tiny,clean,2026,2,test__PNEUMONIA__person175_bacteria_833.jpeg,test/PNEUMONIA/person175_bacteria_833.jpeg,person175,1,10.153890609741211,0.9999610185623169,1,0.00043473680852912366
EXP_A__controlled__clean__swin_tiny__seed_2026__contrast_sev2,swin_tiny,clean,2026,2,train__PNEUMONIA__person1787_bacteria_4634.jpeg,train/PNEUMONIA/person1787_bacteria_4634.jpeg,person1787,1,9.571595191955566,0.9999302625656128,1,0.0007371761603280902
EXP_A__controlled__clean__swin_tiny__seed_2026__contrast_sev2,swin_tiny,clean,2026,2,train__PNEUMONIA__person1812_bacteria_4667.jpeg,train/PNEUMONIA/person1812_bacteria_4667.jpeg,person1812,1,7.9097700119018555,0.9996329545974731,1,0.0032703164033591747
EXP_A__controlled__clean__swin_tiny__seed_2026__contrast_sev2,swin_tiny,clean,2026,2,train__PNEUMONIA__person1838_bacteria_4703.jpeg,train/PNEUMONIA/person1838_bacteria_4703.jpeg,person1838,1,6.2976274490356445,0.9981626868247986,1,0.01340968906879425
EXP_A__controlled__clean__swin_tiny__seed_2026__contrast_sev2,swin_tiny,clean,2026,2,train__PNEUMONIA__person1875_bacteria_4756.jpeg,train/PNEUMONIA/person1875_bacteria_4756.jpeg,person1875,1,10.469051361083984,0.9999716281890869,1,0.0003254275070503354
EXP_A__controlled__clean__swin_tiny__seed_2026__contrast_sev2,swin_tiny,clean,2026,2,train__PNEUMONIA__person1885_bacteria_4772.jpeg,train/PNEUMONIA/person1885_bacteria_4772.jpeg,person1885,1,6.259143829345703,0.9980908036231995,1,0.013860991224646568
EXP_A__controlled__clean__swin_tiny__seed_2026__contrast_sev2,swin_tiny,clean,2026,2,train__PNEUMONIA__person1888_bacteria_4775.jpeg,train/PNEUMONIA/person1888_bacteria_4775.jpeg,person1888,1,11.31265640258789,0.9999878406524658,1,0.0001497716293670237
EXP_A__controlled__clean__swin_tiny__seed_2026__contrast_sev2,swin_tiny,clean,2026,2,train__PNEUMONIA__person1911_bacteria_4815.jpeg,train/PNEUMONIA/person1911_bacteria_4815.jpeg,person1911,1,7.839323043823242,0.999606192111969,1,0.003481045365333557
EXP_A__controlled__clean__swin_tiny__seed_2026__contrast_sev2,swin_tiny,clean,2026,2,train__PNEUMONIA__person1912_bacteria_4816.jpeg,train/PNEUMONIA/person1912_bacteria_4816.jpeg,person1912,1,9.84009075164795,0.9999467134475708,1,0.0005776155740022659
EXP_A__controlled__clean__swin_tiny__seed_2026__contrast_sev2,swin_tiny,clean,2026,2,train__PNEUMONIA__person1932_bacteria_4843.jpeg,train/PNEUMONIA/person1932_bacteria_4843.jpeg,person1932,1,7.906973838806152,0.9996320009231567,1,0.003277858253568411
EXP_A__controlled__clean__swin_tiny__seed_2026__contrast_sev2,swin_tiny,clean,2026,2,train__PNEUMONIA__person1940_bacteria_4859.jpeg,train/PNEUMONIA/person1940_bacteria_4859.jpeg,person1940,1,12.685152053833008,0.9999969005584717,1,4.241364877088927e-05
EXP_A__controlled__clean__swin_tiny__seed_2026__contrast_sev2,swin_tiny,clean,2026,2,test__PNEUMONIA__person23_virus_56.jpeg,test/PNEUMONIA/person23_virus_56.jpeg,person23,1,3.885817050933838,0.979882001876831,1,0.09849798679351807
EXP_A__controlled__clean__swin_tiny__seed_2026__contrast_sev2,swin_tiny,clean,2026,2,train__PNEUMONIA__person255_bacteria_1160.jpeg,train/PNEUMONIA/person255_bacteria_1160.jpeg,person255,1,9.091534614562988,0.9998873472213745,1,0.001136795268394053
EXP_A__controlled__clean__swin_tiny__seed_2026__contrast_sev2,swin_tiny,clean,2026,2,train__PNEUMONIA__person261_bacteria_1225.jpeg,train/PNEUMONIA/person261_bacteria_1225.jpeg,person261,1,6.887328624725342,0.9989803433418274,1,0.008042827248573303
EXP_A__controlled__clean__swin_tiny__seed_2026__contrast_sev2,swin_tiny,clean,2026,2,test__PNEUMONIA__person28_virus_62.jpeg,test/PNEUMONIA/person28_virus_62.jpeg,person28,1,8.16110610961914,0.9997145533561707,1,0.0026150657795369625
EXP_A__controlled__clean__swin_tiny__seed_2026__contrast_sev2,swin_tiny,clean,2026,2,train__PNEUMONIA__person282_virus_579.jpeg,train/PNEUMONIA/person282_virus_579.jpeg,person282,1,8.577658653259277,0.9998118281364441,1,0.0018023215234279633
EXP_A__controlled__clean__swin_tiny__seed_2026__contrast_sev2,swin_tiny,clean,2026,2,train__PNEUMONIA__person287_bacteria_1354.jpeg,train/PNEUMONIA/person287_bacteria_1354.jpeg,person287,1,9.167776107788086,0.9998956918716431,1,0.0010606164578348398
EXP_A__controlled__clean__swin_tiny__seed_2026__contrast_sev2,swin_tiny,clean,2026,2,train__PNEUMONIA__person310_bacteria_1450.jpeg,train/PNEUMONIA/person310_bacteria_1450.jpeg,person310,1,10.01695728302002,0.999955415725708,1,0.0004912342992611229
EXP_A__controlled__clean__swin_tiny__seed_2026__contrast_sev2,swin_tiny,clean,2026,2,train__PNEUMONIA__person315_bacteria_1464.jpeg,train/PNEUMONIA/person315_bacteria_1464.jpeg,person315,1,12.230890274047852,0.9999951124191284,1,6.465688056778163e-05
EXP_A__controlled__clean__swin_tiny__seed_2026__contrast_sev2,swin_tiny,clean,2026,2,train__PNEUMONIA__person330_virus_683.jpeg,train/PNEUMONIA/person330_virus_683.jpeg,person330,1,9.137614250183105,0.9998924732208252,1,0.0010900760535150766
EXP_A__controlled__clean__swin_tiny__seed_2026__contrast_sev2,swin_tiny,clean,2026,2,train__PNEUMONIA__person347_bacteria_1594.jpeg,train/PNEUMONIA/person347_bacteria_1594.jpeg,person347,1,9.14528751373291,0.999893307685852,1,0.001082447706721723
EXP_A__controlled__clean__swin_tiny__seed_2026__contrast_sev2,swin_tiny,clean,2026,2,train__PNEUMONIA__person348_bacteria_1601.jpeg,train/PNEUMONIA/person348_bacteria_1601.jpeg,person348,1,11.129875183105469,0.9999853372573853,1,0.00017786190437618643
EXP_A__controlled__clean__swin_tiny__seed_2026__contrast_sev2,swin_tiny,clean,2026,2,train__PNEUMONIA__person350_virus_725.jpeg,train/PNEUMONIA/person350_virus_725.jpeg,person350,1,3.138617753982544,0.9584578275680542,1,0.17281466722488403
EXP_A__controlled__clean__swin_tiny__seed_2026__contrast_sev2,swin_tiny,clean,2026,2,train__PNEUMONIA__person352_bacteria_1625.jpeg,train/PNEUMONIA/person352_bacteria_1625.jpeg,person352,1,13.962517738342285,0.9999991655349731,1,1.2514034096966498e-05
EXP_A__controlled__clean__swin_tiny__seed_2026__contrast_sev2,swin_tiny,clean,2026,2,train__PNEUMONIA__person356_bacteria_1638.jpeg,train/PNEUMONIA/person356_bacteria_1638.jpeg,person356,1,9.124470710754395,0.9998910427093506,1,0.0011031380854547024
EXP_A__controlled__clean__swin_tiny__seed_2026__contrast_sev2,swin_tiny,clean,2026,2,test__PNEUMONIA__person36_virus_81.jpeg,test/PNEUMONIA/person36_virus_81.jpeg,person36,1,7.257153511047363,0.9992953538894653,1,0.005818589124828577
EXP_A__controlled__clean__swin_tiny__seed_2026__contrast_sev2,swin_tiny,clean,2026,2,train__PNEUMONIA__person361_bacteria_1651.jpeg,train/PNEUMONIA/person361_bacteria_1651.jpeg,person361,1,9.02596664428711,0.9998797178268433,1,0.0012059021973982453
EXP_A__controlled__clean__swin_tiny__seed_2026__contrast_sev2,swin_tiny,clean,2026,2,train__PNEUMONIA__person378_virus_761.jpeg,train/PNEUMONIA/person378_virus_761.jpeg,person378,1,4.45761251449585,0.9885427951812744,1,0.06259512901306152
EXP_A__controlled__clean__swin_tiny__seed_2026__contrast_sev2,swin_tiny,clean,2026,2,train__PNEUMONIA__person388_virus_775.jpeg,train/PNEUMONIA/person388_virus_775.jpeg,person388,1,7.365796089172363,0.999367892742157,1,0.005288294982165098
EXP_A__controlled__clean__swin_tiny__seed_2026__contrast_sev2,swin_tiny,clean,2026,2,test__PNEUMONIA__person39_virus_85.jpeg,test/PNEUMONIA/person39_virus_85.jpeg,person39,1,6.852681636810303,0.9989444613456726,1,0.008289330638945103
EXP_A__controlled__clean__swin_tiny__seed_2026__contrast_sev2,swin_tiny,clean,2026,2,test__PNEUMONIA__person40_virus_87.jpeg,test/PNEUMONIA/person40_virus_87.jpeg,person40,1,8.63100528717041,0.9998216032981873,1,0.0017182121518999338
EXP_A__controlled__clean__swin_tiny__seed_2026__contrast_sev2,swin_tiny,clean,2026,2,train__PNEUMONIA__person408_bacteria_1823.jpeg,train/PNEUMONIA/person408_bacteria_1823.jpeg,person408,1,7.095369815826416,0.9991717338562012,1,0.006705445237457752
EXP_A__controlled__clean__swin_tiny__seed_2026__contrast_sev2,swin_tiny,clean,2026,2,train__PNEUMONIA__person431_bacteria_1872.jpeg,train/PNEUMONIA/person431_bacteria_1872.jpeg,person431,1,8.557995796203613,0.9998080134391785,1,0.0018350055906921625
EXP_A__controlled__clean__swin_tiny__seed_2026__contrast_sev2,swin_tiny,clean,2026,2,train__PNEUMONIA__person435_bacteria_1879.jpeg,train/PNEUMONIA/person435_bacteria_1879.jpeg,person435,1,9.900209426879883,0.9999498128890991,1,0.0005470258183777332
EXP_A__controlled__clean__swin_tiny__seed_2026__contrast_sev2,swin_tiny,clean,2026,2,train__PNEUMONIA__person443_bacteria_1923.jpeg,train/PNEUMONIA/person443_bacteria_1923.jpeg,person443,1,6.297320365905762,0.9981622099876404,1,0.01341269165277481
EXP_A__controlled__clean__swin_tiny__seed_2026__contrast_sev2,swin_tiny,clean,2026,2,test__PNEUMONIA__person46_virus_96.jpeg,test/PNEUMONIA/person46_virus_96.jpeg,person46,1,7.907341957092285,0.9996321201324463,1,0.0032769155222922564
EXP_A__controlled__clean__swin_tiny__seed_2026__contrast_sev2,swin_tiny,clean,2026,2,train__PNEUMONIA__person472_bacteria_2007.jpeg,train/PNEUMONIA/person472_bacteria_2007.jpeg,person472,1,7.533230304718018,0.99946528673172,1,0.0045629823580384254
EXP_A__controlled__clean__swin_tiny__seed_2026__contrast_sev2,swin_tiny,clean,2026,2,train__PNEUMONIA__person475_bacteria_2020.jpeg,train/PNEUMONIA/person475_bacteria_2020.jpeg,person475,1,9.061814308166504,0.9998840093612671,1,0.0011670911917462945
EXP_A__controlled__clean__swin_tiny__seed_2026__contrast_sev2,swin_tiny,clean,2026,2,train__PNEUMONIA__person477_bacteria_2028.jpeg,train/PNEUMONIA/person477_bacteria_2028.jpeg,person477,1,13.032927513122559,0.9999978542327881,1,3.0152348699630238e-05
EXP_A__controlled__clean__swin_tiny__seed_2026__contrast_sev2,swin_tiny,clean,2026,2,train__PNEUMONIA__person490_bacteria_2068.jpeg,train/PNEUMONIA/person490_bacteria_2068.jpeg,person490,1,10.290864944458008,0.999966025352478,1,0.0003835696552414447
EXP_A__controlled__clean__swin_tiny__seed_2026__contrast_sev2,swin_tiny,clean,2026,2,train__PNEUMONIA__person500_bacteria_2105.jpeg,train/PNEUMONIA/person500_bacteria_2105.jpeg,person500,1,11.99234390258789,0.9999938011169434,1,8.053054625634104e-05
EXP_A__controlled__clean__swin_tiny__seed_2026__contrast_sev2,swin_tiny,clean,2026,2,train__PNEUMONIA__person522_bacteria_2210.jpeg,train/PNEUMONIA/person522_bacteria_2210.jpeg,person522,1,9.07315444946289,0.9998853206634521,1,0.0011552008800208569
EXP_A__controlled__clean__swin_tiny__seed_2026__contrast_sev2,swin_tiny,clean,2026,2,train__PNEUMONIA__person525_bacteria_2216.jpeg,train/PNEUMONIA/person525_bacteria_2216.jpeg,person525,1,9.535730361938477,0.9999277591705322,1,0.0007610910106450319
EXP_A__controlled__clean__swin_tiny__seed_2026__contrast_sev2,swin_tiny,clean,2026,2,train__PNEUMONIA__person545_bacteria_2287.jpeg,train/PNEUMONIA/person545_bacteria_2287.jpeg,person545,1,10.142818450927734,0.9999606609344482,1,0.000438365968875587
EXP_A__controlled__clean__swin_tiny__seed_2026__contrast_sev2,swin_tiny,clean,2026,2,test__PNEUMONIA__person55_virus_110.jpeg,test/PNEUMONIA/person55_virus_110.jpeg,person55,1,6.463595390319824,0.9984433054924011,1,0.011619808152318
EXP_A__controlled__clean__swin_tiny__seed_2026__contrast_sev2,swin_tiny,clean,2026,2,train__PNEUMONIA__person559_bacteria_2329.jpeg,train/PNEUMONIA/person559_bacteria_2329.jpeg,person559,1,5.791191577911377,0.9969549179077148,1,0.020684339106082916
EXP_A__controlled__clean__swin_tiny__seed_2026__contrast_sev2,swin_tiny,clean,2026,2,test__PNEUMONIA__person56_virus_112.jpeg,test/PNEUMONIA/person56_virus_112.jpeg,person56,1,7.4695048332214355,0.9994301199913025,1,0.004826769232749939
EXP_A__controlled__clean__swin_tiny__seed_2026__contrast_sev2,swin_tiny,clean,2026,2,train__PNEUMONIA__person562_bacteria_2332.jpeg,train/PNEUMONIA/person562_bacteria_2332.jpeg,person562,1,7.898369312286377,0.9996287822723389,1,0.003303294302895665
EXP_A__controlled__clean__swin_tiny__seed_2026__contrast_sev2,swin_tiny,clean,2026,2,train__PNEUMONIA__person573_bacteria_2369.jpeg,train/PNEUMONIA/person573_bacteria_2369.jpeg,person573,1,6.854064464569092,0.9989460110664368,1,0.008278709836304188
EXP_A__controlled__clean__swin_tiny__seed_2026__contrast_sev2,swin_tiny,clean,2026,2,train__PNEUMONIA__person579_bacteria_2381.jpeg,train/PNEUMONIA/person579_bacteria_2381.jpeg,person579,1,13.515378952026367,0.9999986886978149,1,1.9072220311500132e-05
EXP_A__controlled__clean__swin_tiny__seed_2026__contrast_sev2,swin_tiny,clean,2026,2,train__PNEUMONIA__person581_bacteria_2390.jpeg,train/PNEUMONIA/person581_bacteria_2390.jpeg,person581,1,12.8219575881958,0.9999972581863403,1,3.785591616178863e-05
EXP_A__controlled__clean__swin_tiny__seed_2026__contrast_sev2,swin_tiny,clean,2026,2,train__PNEUMONIA__person600_bacteria_2456.jpeg,train/PNEUMONIA/person600_bacteria_2456.jpeg,person600,1,11.346654891967773,0.9999881982803345,1,0.00014571889187209308
EXP_A__controlled__clean__swin_tiny__seed_2026__contrast_sev2,swin_tiny,clean,2026,2,train__PNEUMONIA__person602_bacteria_2460.jpeg,train/PNEUMONIA/person602_bacteria_2460.jpeg,person602,1,5.286384582519531,0.9949653744697571,1,0.0316622294485569
EXP_A__controlled__clean__swin_tiny__seed_2026__contrast_sev2,swin_tiny,clean,2026,2,train__PNEUMONIA__person613_bacteria_2479.jpeg,train/PNEUMONIA/person613_bacteria_2479.jpeg,person613,1,6.352093696594238,0.998259961605072,1,0.012794462963938713
EXP_A__controlled__clean__swin_tiny__seed_2026__contrast_sev2,swin_tiny,clean,2026,2,train__PNEUMONIA__person620_bacteria_2492.jpeg,train/PNEUMONIA/person620_bacteria_2492.jpeg,person620,1,8.710526466369629,0.9998351335525513,1,0.0016009013634175062
EXP_A__controlled__clean__swin_tiny__seed_2026__contrast_sev2,swin_tiny,clean,2026,2,train__PNEUMONIA__person633_bacteria_2522.jpeg,train/PNEUMONIA/person633_bacteria_2522.jpeg,person633,1,8.128925323486328,0.9997051358222961,1,0.002691770438104868
EXP_A__controlled__clean__swin_tiny__seed_2026__contrast_sev2,swin_tiny,clean,2026,2,train__PNEUMONIA__person649_bacteria_2541.jpeg,train/PNEUMONIA/person649_bacteria_2541.jpeg,person649,1,11.702686309814453,0.999991774559021,1,0.00010453116556163877
EXP_A__controlled__clean__swin_tiny__seed_2026__contrast_sev2,swin_tiny,clean,2026,2,train__PNEUMONIA__person664_virus_1249.jpeg,train/PNEUMONIA/person664_virus_1249.jpeg,person664,1,0.43003028631210327,0.6058809161186218,1,0.6705549955368042
EXP_A__controlled__clean__swin_tiny__seed_2026__contrast_sev2,swin_tiny,clean,2026,2,train__PNEUMONIA__person669_bacteria_2561.jpeg,train/PNEUMONIA/person669_bacteria_2561.jpeg,person669,1,10.97768783569336,0.9999829530715942,1,0.00020421422959771007
EXP_A__controlled__clean__swin_tiny__seed_2026__contrast_sev2,swin_tiny,clean,2026,2,test__PNEUMONIA__person67_virus_126.jpeg,test/PNEUMONIA/person67_virus_126.jpeg,person67,1,8.206390380859375,0.999727189540863,1,0.0025116559118032455
EXP_A__controlled__clean__swin_tiny__seed_2026__contrast_sev2,swin_tiny,clean,2026,2,train__PNEUMONIA__person690_bacteria_2587.jpeg,train/PNEUMONIA/person690_bacteria_2587.jpeg,person690,1,13.269563674926758,0.9999983310699463,1,2.3871250959928147e-05
EXP_A__controlled__clean__swin_tiny__seed_2026__contrast_sev2,swin_tiny,clean,2026,2,train__PNEUMONIA__person691_bacteria_2588.jpeg,train/PNEUMONIA/person691_bacteria_2588.jpeg,person691,1,10.004463195800781,0.9999548196792603,1,0.0004972015740349889
EXP_A__controlled__clean__swin_tiny__seed_2026__contrast_sev2,swin_tiny,clean,2026,2,train__PNEUMONIA__person693_bacteria_2590.jpeg,train/PNEUMONIA/person693_bacteria_2590.jpeg,person693,1,11.708300590515137,0.999991774559021,1,0.00010453116556163877
EXP_A__controlled__clean__swin_tiny__seed_2026__contrast_sev2,swin_tiny,clean,2026,2,train__PNEUMONIA__person712_bacteria_2613.jpeg,train/PNEUMONIA/person712_bacteria_2613.jpeg,person712,1,10.50432014465332,0.9999725818634033,1,0.000315426237648353
EXP_A__controlled__clean__swin_tiny__seed_2026__contrast_sev2,swin_tiny,clean,2026,2,train__PNEUMONIA__person716_bacteria_2617.jpeg,train/PNEUMONIA/person716_bacteria_2617.jpeg,person716,1,8.590455055236816,0.9998142123222351,1,0.0017818548949435353
EXP_A__controlled__clean__swin_tiny__seed_2026__contrast_sev2,swin_tiny,clean,2026,2,train__PNEUMONIA__person738_bacteria_2641.jpeg,train/PNEUMONIA/person738_bacteria_2641.jpeg,person738,1,11.224691390991211,0.9999866485595703,1,0.00016320640861522406
EXP_A__controlled__clean__swin_tiny__seed_2026__contrast_sev2,swin_tiny,clean,2026,2,train__PNEUMONIA__person749_bacteria_2652.jpeg,train/PNEUMONIA/person749_bacteria_2652.jpeg,person749,1,13.818979263305664,0.9999990463256836,1,1.4174407624523155e-05
EXP_A__controlled__clean__swin_tiny__seed_2026__contrast_sev2,swin_tiny,clean,2026,2,test__PNEUMONIA__person76_virus_138.jpeg,test/PNEUMONIA/person76_virus_138.jpeg,person76,1,6.038914203643799,0.997621476650238,1,0.016745006665587425
EXP_A__controlled__clean__swin_tiny__seed_2026__contrast_sev2,swin_tiny,clean,2026,2,train__PNEUMONIA__person773_virus_1402.jpeg,train/PNEUMONIA/person773_virus_1402.jpeg,person773,1,7.683744430541992,0.9995399713516235,1,0.00399488490074873
EXP_A__controlled__clean__swin_tiny__seed_2026__contrast_sev2,swin_tiny,clean,2026,2,train__PNEUMONIA__person781_virus_1412.jpeg,train/PNEUMONIA/person781_virus_1412.jpeg,person781,1,6.591157913208008,0.9986294507980347,1,0.01040501520037651
EXP_A__controlled__clean__swin_tiny__seed_2026__contrast_sev2,swin_tiny,clean,2026,2,train__PNEUMONIA__person796_bacteria_2702.jpeg,train/PNEUMONIA/person796_bacteria_2702.jpeg,person796,1,10.046142578125,0.9999566078186035,1,0.00047927573905326426
EXP_A__controlled__clean__swin_tiny__seed_2026__contrast_sev2,swin_tiny,clean,2026,2,test__PNEUMONIA__person81_bacteria_395.jpeg,test/PNEUMONIA/person81_bacteria_395.jpeg,person81,1,11.777593612670898,0.9999923706054688,1,9.753035556059331e-05
EXP_A__controlled__clean__swin_tiny__seed_2026__contrast_sev2,swin_tiny,clean,2026,2,train__PNEUMONIA__person820_bacteria_2731.jpeg,train/PNEUMONIA/person820_bacteria_2731.jpeg,person820,1,13.030092239379883,0.9999978542327881,1,3.0152348699630238e-05
EXP_A__controlled__clean__swin_tiny__seed_2026__contrast_sev2,swin_tiny,clean,2026,2,train__PNEUMONIA__person825_bacteria_2736.jpeg,train/PNEUMONIA/person825_bacteria_2736.jpeg,person825,1,10.051498413085938,0.9999568462371826,1,0.0004768801445607096
EXP_A__controlled__clean__swin_tiny__seed_2026__contrast_sev2,swin_tiny,clean,2026,2,train__PNEUMONIA__person831_bacteria_2742.jpeg,train/PNEUMONIA/person831_bacteria_2742.jpeg,person831,1,11.902752876281738,0.9999932050704956,1,8.765004167798907e-05
EXP_A__controlled__clean__swin_tiny__seed_2026__contrast_sev2,swin_tiny,clean,2026,2,train__PNEUMONIA__person84_virus_157.jpeg,train/PNEUMONIA/person84_virus_157.jpeg,person84,1,3.5685250759124756,0.9725759029388428,1,0.12567076086997986
EXP_A__controlled__clean__swin_tiny__seed_2026__contrast_sev2,swin_tiny,clean,2026,2,train__PNEUMONIA__person870_bacteria_2792.jpeg,train/PNEUMONIA/person870_bacteria_2792.jpeg,person870,1,10.435866355895996,0.9999706745147705,1,0.0003353967040311545
EXP_A__controlled__clean__swin_tiny__seed_2026__contrast_sev2,swin_tiny,clean,2026,2,train__PNEUMONIA__person871_bacteria_2793.jpeg,train/PNEUMONIA/person871_bacteria_2793.jpeg,person871,1,8.624241828918457,0.9998204112052917,1,0.0017284973291680217
EXP_A__controlled__clean__swin_tiny__seed_2026__contrast_sev2,swin_tiny,clean,2026,2,train__PNEUMONIA__person882_bacteria_2806.jpeg,train/PNEUMONIA/person882_bacteria_2806.jpeg,person882,1,11.402938842773438,0.9999887943267822,1,0.0001389401004416868
EXP_A__controlled__clean__swin_tiny__seed_2026__contrast_sev2,swin_tiny,clean,2026,2,train__PNEUMONIA__person9_bacteria_38.jpeg,train/PNEUMONIA/person9_bacteria_38.jpeg,person9,1,8.58055305480957,0.9998123049736023,1,0.0017982306890189648
EXP_A__controlled__clean__swin_tiny__seed_2026__contrast_sev2,swin_tiny,clean,2026,2,train__PNEUMONIA__person900_virus_1554.jpeg,train/PNEUMONIA/person900_virus_1554.jpeg,person900,1,7.629824638366699,0.9995144605636597,1,0.0041902088560163975
EXP_A__controlled__clean__swin_tiny__seed_2026__contrast_sev2,swin_tiny,clean,2026,2,train__PNEUMONIA__person901_virus_1555.jpeg,train/PNEUMONIA/person901_virus_1555.jpeg,person901,1,8.862296104431152,0.9998583793640137,1,0.0013967035338282585
EXP_A__controlled__clean__swin_tiny__seed_2026__contrast_sev2,swin_tiny,clean,2026,2,train__PNEUMONIA__person923_bacteria_2848.jpeg,train/PNEUMONIA/person923_bacteria_2848.jpeg,person923,1,8.860721588134766,0.9998581409454346,1,0.0013988162390887737
EXP_A__controlled__clean__swin_tiny__seed_2026__contrast_sev2,swin_tiny,clean,2026,2,train__PNEUMONIA__person924_bacteria_2849.jpeg,train/PNEUMONIA/person924_bacteria_2849.jpeg,person924,1,8.120460510253906,0.9997026324272156,1,0.002712109126150608
EXP_A__controlled__clean__swin_tiny__seed_2026__contrast_sev2,swin_tiny,clean,2026,2,train__PNEUMONIA__person930_bacteria_2855.jpeg,train/PNEUMONIA/person930_bacteria_2855.jpeg,person930,1,7.1808061599731445,0.9992395639419556,1,0.006221308838576078
EXP_A__controlled__clean__swin_tiny__seed_2026__contrast_sev2,swin_tiny,clean,2026,2,train__PNEUMONIA__person936_bacteria_2861.jpeg,train/PNEUMONIA/person936_bacteria_2861.jpeg,person936,1,11.773955345153809,0.9999922513961792,1,9.893412789097056e-05
EXP_A__controlled__clean__swin_tiny__seed_2026__contrast_sev2,swin_tiny,clean,2026,2,train__PNEUMONIA__person938_bacteria_2863.jpeg,train/PNEUMONIA/person938_bacteria_2863.jpeg,person938,1,7.717035293579102,0.9995550513267517,1,0.003878764109686017
EXP_A__controlled__clean__swin_tiny__seed_2026__contrast_sev2,swin_tiny,clean,2026,2,train__PNEUMONIA__person964_bacteria_2889.jpeg,train/PNEUMONIA/person964_bacteria_2889.jpeg,person964,1,7.847912788391113,0.999609649181366,1,0.0034539292100816965
EXP_A__controlled__clean__swin_tiny__seed_2026__contrast_sev2,swin_tiny,clean,2026,2,train__PNEUMONIA__person966_bacteria_2891.jpeg,train/PNEUMONIA/person966_bacteria_2891.jpeg,person966,1,9.503883361816406,0.9999254941940308,1,0.0007826533983461559
EXP_A__controlled__clean__swin_tiny__seed_2026__contrast_sev2,swin_tiny,clean,2026,2,train__PNEUMONIA__person981_bacteria_2907.jpeg,train/PNEUMONIA/person981_bacteria_2907.jpeg,person981,1,12.085541725158691,0.9999943971633911,1,7.335365080507472e-05
EXP_A__controlled__clean__swin_tiny__seed_2026__contrast_sev2,swin_tiny,clean,2026,2,train__PNEUMONIA__person993_bacteria_2921.jpeg,train/PNEUMONIA/person993_bacteria_2921.jpeg,person993,1,12.921541213989258,0.9999974966049194,1,3.4791835787473246e-05
EXP_A__controlled__clean__swin_tiny__seed_2026__contrast_sev2,swin_tiny,clean,2026,2,train__PNEUMONIA__person994_bacteria_2922.jpeg,train/PNEUMONIA/person994_bacteria_2922.jpeg,person994,1,12.041412353515625,0.999994158744812,1,7.623166311532259e-05
